<?xml version="1.0" encoding="UTF-8"?>
<jxb:bindings xmlns:jxb="http://java.sun.com/xml/ns/jaxb"
    xmlns:xsd="http://www.w3.org/2001/XMLSchema" version="2.0">
    <jxb:globalBindings localScoping="toplevel"
        collectionType="com.eurocontrol.hfcase.util.ObservableListImpl">
        <jxb:javaType name="int" xmlType="xsd:nonNegativeInteger"/>


    </jxb:globalBindings>



    <jxb:bindings schemaLocation="schemas/EToolProjectFileSchema.xsd" node="/xsd:schema">
        <jxb:schemaBindings>
            <jxb:package name="com.eurocontrol.hfcase.business">
                <jxb:javadoc> Provide the classes for the storing the data inputed by the user
                </jxb:javadoc>
            </jxb:package>
        </jxb:schemaBindings>
        <jxb:bindings node="//xsd:complexType[@name='hfAssesmentType']">
            <jxb:class name="HFAssesment"/>
        </jxb:bindings>
        <jxb:bindings node="//xsd:complexType[@name='idGeneratorComplexType']">
            <jxb:class ref="com.eurocontrol.hfcase.util.IdGenerator"/>
        </jxb:bindings>

        <jxb:bindings node="//xsd:simpleType[@name='relationPropertyType']">
            <jxb:typesafeEnumClass name="RelationProperty"/>
        </jxb:bindings>
        <jxb:bindings node="//xsd:complexType[@name='KPAExplanationType']">
            <jxb:class name="KPAExplanation"/>
        </jxb:bindings>
        <jxb:bindings node="//xsd:simpleType[@name='documentStatusType']">
            <jxb:typesafeEnumClass name="DocumentStatus"/>
        </jxb:bindings>

            
        <jxb:bindings node="//xsd:element[@name='project']">
            <jxb:class>
                <jxb:javadoc> A Project object represents a project itself. It contains all the data
                    inputed by the user </jxb:javadoc>
            </jxb:class>

            <jxb:bindings node="./xsd:complexType/xsd:sequence">
                <jxb:bindings node="./xsd:element[@name='highLevelObjective']">
                    <jxb:property name="highLevelObjectives"/>
                </jxb:bindings>
                <jxb:bindings node="./xsd:element[@name='stakeholder']">
                    <jxb:property name="stakeholders"/>
                </jxb:bindings>
                <jxb:bindings node="./xsd:element[@name='relatedConcept']">
                    <jxb:property name="relatedConcepts"/>
                </jxb:bindings>


                <jxb:bindings node="./xsd:element[@name='document']">
                    <jxb:property name="documents"/>
                </jxb:bindings>
                <jxb:bindings node="./xsd:element[@name='systemComparaison']">
                    <jxb:property name="systemComparaisons"/>
                </jxb:bindings>
                <jxb:bindings node="./xsd:element[@name='impactOnActor']">
                    <jxb:property name="impactOnActors"/>
                </jxb:bindings>
                <jxb:bindings node="./xsd:element[@name='objective']">
                    <jxb:property name="objectives"/>
                </jxb:bindings>
                <jxb:bindings node="./xsd:element[@name='assumption']">
                    <jxb:property name="assumptions"/>
                </jxb:bindings>
                <jxb:bindings node="./xsd:element[@name='kpaExplanation']">
                    <jxb:property name="kpaExplanations"/>
                </jxb:bindings>
                <jxb:bindings node="./xsd:element[@name='operationalSituation']">

                    <jxb:property name="operationalSituations">

                    </jxb:property>
                    <jxb:bindings node="./xsd:complexType/xsd:sequence">
                        <jxb:bindings node="./xsd:element[@name='humanImpact']">
                            <jxb:property name="humanImpacts"/>
                        </jxb:bindings>
                        <jxb:bindings node="./xsd:element[@name='systemImpact']">
                            <jxb:property name="systemImpacts"/>
                        </jxb:bindings>
                        <jxb:bindings node="./xsd:element[@name='potentialMitigationIdea']">
                            <jxb:property name="potentialMitigationIdeas"/>
                        </jxb:bindings>
                        <jxb:bindings node="./xsd:element[@name='researchQuestion']">
                            <jxb:property name="researchQuestions"/>
                            <jxb:bindings node="./xsd:complexType/xsd:sequence">
                                <jxb:bindings node="./xsd:element[@name='summaryOfResult']">
                                    <jxb:property name="summariesOfResult"/>
                                </jxb:bindings>
                            </jxb:bindings>
                        </jxb:bindings>
                        <jxb:bindings node="./xsd:element[@name='conclusion']">
                            <jxb:property name="conclusions"/>
                            <jxb:bindings node="./xsd:complexType/xsd:sequence">
                                <jxb:bindings node="./xsd:element[@name='requirement']">
                                    <jxb:property name="requirements"/>
                                    <jxb:bindings node="./xsd:complexType/xsd:sequence">
                                        <jxb:bindings node="./xsd:element[@name='validationNeed']">
                                            <jxb:property name="validationNeeds"/>
                                            <jxb:bindings node="./xsd:complexType/xsd:sequence">
                                                <jxb:bindings node="./xsd:element[@name='method']">
                                                  <jxb:property name="methods"/>
                                                </jxb:bindings>
                                                <jxb:bindings
                                                  node="./xsd:element[@name='indicator']">
                                                  <jxb:property name="indicators"/>
                                                </jxb:bindings>
                                            </jxb:bindings>
                                        </jxb:bindings>
                                    </jxb:bindings>
                                </jxb:bindings>

                            </jxb:bindings>
                        </jxb:bindings>
                    </jxb:bindings>
                </jxb:bindings>
            </jxb:bindings>
        </jxb:bindings>




        <jxb:bindings node="//xsd:complexType[@name='checkListComplexType']">
            <jxb:class name="CheckList"/>
        </jxb:bindings>
        <jxb:bindings node="//xsd:simpleType[@name='timeEffortUnitSimpleType']">
            <jxb:typesafeEnumClass name="TimeEffortUnit"/>
        </jxb:bindings>
        <jxb:bindings node="//xsd:simpleType[@name='frequencySimpleType']">
            <jxb:typesafeEnumClass name="Frequency"/>
        </jxb:bindings>
        <jxb:bindings node="//xsd:simpleType[@name='humanImpactAreaSimpleType']">
            <jxb:typesafeEnumClass name="HumanImpactArea"/>
        </jxb:bindings>
        <jxb:bindings node="//xsd:simpleType[@name='severitySimpleType']">
            <jxb:typesafeEnumClass name="Severity"/>
        </jxb:bindings>

        <jxb:bindings node="//xsd:simpleType[@name='criteriaNameSimpleType']">
            <jxb:typesafeEnumClass name="CriteriaName"/>
        </jxb:bindings>
        <jxb:bindings node="//xsd:simpleType[@name='criteriaLevelSimpleType']">
            <jxb:typesafeEnumClass name="CriteriaLevel"/>
        </jxb:bindings>
        <jxb:bindings node="//xsd:complexType[@name='criteriaFittingComplexType']">
            <jxb:class name="CriteriaFitting"/>
        </jxb:bindings>
        <jxb:bindings node="//xsd:complexType[@name='feedbackLogComplexType']">
            <jxb:class name="FeedbackLog"/>
        </jxb:bindings>
    </jxb:bindings>




</jxb:bindings>
